"feature","mzmed","rtmed","adduct_type"
"FT0507",147.076453553814,596.982299804688,"NH4"
"FT0552",152.056739332855,401.886962890625,"NH4"
"FT0738",176.1031139249,642.533813476562,"NH4"
